old_name,new_name
D_column,E_column
blank,New names
DY,blank
DYto2L-4Jets_MLL-4to10_TuneCP5_13p6TeV_madgraphMLM-pythia8,DYto2L-4Jets_Bin-MLL-4to10_TuneCP5_13p6TeV_madgraphMLM-pythia8
DYto2L-4Jets_MLL-10to50_TuneCP5_13p6TeV_madgraphMLM-pythia8,DYto2L-4Jets_Bin-MLL-10to50_TuneCP5_13p6TeV_madgraphMLM-pythia8
blank,DYto2E-4Jets_Bin-MLL-10to50_TuneCP5_13p6TeV_madgraphMLM-pythia8
blank,DYto2Mu-4Jets_Bin-MLL-10to50_TuneCP5_13p6TeV_madgraphMLM-pythia8
blank,DYto2Tau-4Jets_Bin-MLL-10to50_TuneCP5_13p6TeV_madgraphMLM-pythia8
DYto2L-2Jets_MLL-4to10_TuneCP5_13p6TeV_amcatnloFXFX-pythia8,DYto2L-2Jets_Bin-MLL-4to10_TuneCP5_13p6TeV_amcatnloFXFX-pythia8
DYto2L-2Jets_MLL-10to50_TuneCP5_13p6TeV_amcatnloFXFX-pythia8,DYto2L-2Jets_Bin-MLL-10to50_TuneCP5_13p6TeV_amcatnloFXFX-pythia8
DYto2L-4Jets_MLL-50_TuneCP5_13p6TeV_madgraphMLM-pythia8,DYto2L-4Jets_Bin-MLL-50_TuneCP5_13p6TeV_madgraphMLM-pythia8
blank,DYto2E-4Jets_Bin-MLL-50_TuneCP5_13p6TeV_madgraphMLM-pythia8
blank,DYto2Mu-4Jets_Bin-MLL-50_TuneCP5_13p6TeV_madgraphMLM-pythia8
blank,DYto2Tau-4Jets_Bin-MLL-50_TuneCP5_13p6TeV_madgraphMLM-pythia8
DYto2L-2Jets_MLL-50_TuneCP5_13p6TeV_amcatnloFXFX-pythia8,DYto2L-2Jets_Bin-MLL-50_TuneCP5_13p6TeV_amcatnloFXFX-pythia8
blank,DYto2E-2Jets_Bin-MLL-50_TuneCP5_13p6TeV_amcatnloFXFX-pythia8
blank,DYto2Mu-2Jets_Bin-MLL-50_TuneCP5_13p6TeV_amcatnloFXFX-pythia8
blank,DYto2Tau-2Jets_Bin-MLL-50_TuneCP5_13p6TeV_amcatnloFXFX-pythia8
DYto2L-4Jets_MLL-50_0J_TuneCP5_13p6TeV_madgraphMLM-pythia8,DYto2L-4Jets_Bin-0J-MLL-50_TuneCP5_13p6TeV_madgraphMLM-pythia8
DYto2L-4Jets_MLL-50_1J_TuneCP5_13p6TeV_madgraphMLM-pythia8,DYto2L-4Jets_Bin-1J-MLL-50_TuneCP5_13p6TeV_madgraphMLM-pythia8
DYto2L-4Jets_MLL-50_2J_TuneCP5_13p6TeV_madgraphMLM-pythia8,DYto2L-4Jets_Bin-2J-MLL-50_TuneCP5_13p6TeV_madgraphMLM-pythia8
DYto2L-4Jets_MLL-50_3J_TuneCP5_13p6TeV_madgraphMLM-pythia8,DYto2L-4Jets_Bin-3J-MLL-50_TuneCP5_13p6TeV_madgraphMLM-pythia8
DYto2L-4Jets_MLL-50_4J_TuneCP5_13p6TeV_madgraphMLM-pythia8,DYto2L-4Jets_Bin-4J-MLL-50_TuneCP5_13p6TeV_madgraphMLM-pythia8
DYto2L-2Jets_MLL-50_0J_TuneCP5_13p6TeV_amcatnloFXFX-pythia8,DYto2L-2Jets_Bin-0J-MLL-50_TuneCP5_13p6TeV_amcatnloFXFX-pythia8
blank,DYto2E-2Jets_Bin-0J-MLL-50_TuneCP5_13p6TeV_amcatnloFXFX-pythia8
blank,DYto2Mu-2Jets_Bin-0J-MLL-50_TuneCP5_13p6TeV_amcatnloFXFX-pythia8
blank,DYto2Tau-2Jets_Bin-0J-MLL-50_TuneCP5_13p6TeV_amcatnloFXFX-pythia8
DYto2L-2Jets_MLL-50_1J_TuneCP5_13p6TeV_amcatnloFXFX-pythia8,DYto2L-2Jets_Bin-1J-MLL-50_TuneCP5_13p6TeV_amcatnloFXFX-pythia8
DYto2L-2Jets_MLL-50_2J_TuneCP5_13p6TeV_amcatnloFXFX-pythia8,DYto2L-2Jets_Bin-2J-MLL-50_TuneCP5_13p6TeV_amcatnloFXFX-pythia8
DYto2Mu_MLL-10to50_TuneCP5_13p6TeV_powheg-pythia8,DYto2Mu_Bin-MLL-10to50_TuneCP5_13p6TeV_powheg-pythia8
DYto2Mu_MLL-50to120_TuneCP5_13p6TeV_powheg-pythia8,DYto2Mu_Bin-MLL-50to120_TuneCP5_13p6TeV_powheg-pythia8
DYto2Mu_MLL-120to200_TuneCP5_13p6TeV_powheg-pythia8,DYto2Mu_Bin-MLL-120to200_TuneCP5_13p6TeV_powheg-pythia8
DYto2Mu_MLL-200to400_TuneCP5_13p6TeV_powheg-pythia8,DYto2Mu_Bin-MLL-200to400_TuneCP5_13p6TeV_powheg-pythia8
DYto2Mu_MLL-400to800_TuneCP5_13p6TeV_powheg-pythia8,DYto2Mu_Bin-MLL-400to800_TuneCP5_13p6TeV_powheg-pythia8
DYto2Mu_MLL-800to1500_TuneCP5_13p6TeV_powheg-pythia8,DYto2Mu_Bin-MLL-800to1500_TuneCP5_13p6TeV_powheg-pythia8
DYto2Mu_MLL-1500to2500_TuneCP5_13p6TeV_powheg-pythia8,DYto2Mu_Bin-MLL-1500to2500_TuneCP5_13p6TeV_powheg-pythia8
DYto2Mu_MLL-2500to4000_TuneCP5_13p6TeV_powheg-pythia8,DYto2Mu_Bin-MLL-2500to4000_TuneCP5_13p6TeV_powheg-pythia8
DYto2Mu_MLL-4000to6000_TuneCP5_13p6TeV_powheg-pythia8,DYto2Mu_Bin-MLL-4000to6000_TuneCP5_13p6TeV_powheg-pythia8
DYto2Mu_MLL-6000_TuneCP5_13p6TeV_powheg-pythia8,DYto2Mu_Bin-MLL-6000_TuneCP5_13p6TeV_powheg-pythia8
blank,blank
DYto2E_MLL-10to50_TuneCP5_13p6TeV_powheg-pythia8,DYto2E_Bin-MLL-10to50_TuneCP5_13p6TeV_powheg-pythia8
DYto2E_MLL-50to120_TuneCP5_13p6TeV_powheg-pythia8,DYto2E_Bin-MLL-50to120_TuneCP5_13p6TeV_powheg-pythia8
DYto2E_MLL-120to200_TuneCP5_13p6TeV_powheg-pythia8,DYto2E_Bin-MLL-120to200_TuneCP5_13p6TeV_powheg-pythia8
DYto2E_MLL-200to400_TuneCP5_13p6TeV_powheg-pythia8,DYto2E_Bin-MLL-200to400_TuneCP5_13p6TeV_powheg-pythia8
DYto2E_MLL-400to800_TuneCP5_13p6TeV_powheg-pythia8,DYto2E_Bin-MLL-400to800_TuneCP5_13p6TeV_powheg-pythia8
DYto2E_MLL-800to1500_TuneCP5_13p6TeV_powheg-pythia8,DYto2E_Bin-MLL-800to1500_TuneCP5_13p6TeV_powheg-pythia8
DYto2E_MLL-1500to2500_TuneCP5_13p6TeV_powheg-pythia8,DYto2E_Bin-MLL-1500to2500_TuneCP5_13p6TeV_powheg-pythia8
DYto2E_MLL-2500to4000_TuneCP5_13p6TeV_powheg-pythia8,DYto2E_Bin-MLL-2500to4000_TuneCP5_13p6TeV_powheg-pythia8
DYto2E_MLL-4000to6000_TuneCP5_13p6TeV_powheg-pythia8,DYto2E_Bin-MLL-4000to6000_TuneCP5_13p6TeV_powheg-pythia8
DYto2E_MLL-6000_TuneCP5_13p6TeV_powheg-pythia8,DYto2E_Bin-MLL-6000_TuneCP5_13p6TeV_powheg-pythia8
blank,blank
DYto2Tau_MLL-10to50_TuneCP5_13p6TeV_powheg-pythia8,DYto2Tau_Bin-MLL-10to50_TuneCP5_13p6TeV_powheg-pythia8
DYto2Tau_MLL-50to120_TuneCP5_13p6TeV_powheg-pythia8,DYto2Tau_Bin-MLL-50to120_TuneCP5_13p6TeV_powheg-pythia8
DYto2Tau_MLL-120to200_TuneCP5_13p6TeV_powheg-pythia8,DYto2Tau_Bin-MLL-120to200_TuneCP5_13p6TeV_powheg-pythia8
DYto2Tau_MLL-200to400_TuneCP5_13p6TeV_powheg-pythia8,DYto2Tau_Bin-MLL-200to400_TuneCP5_13p6TeV_powheg-pythia8
DYto2Tau_MLL-400to800_TuneCP5_13p6TeV_powheg-pythia8,DYto2Tau_Bin-MLL-400to800_TuneCP5_13p6TeV_powheg-pythia8
DYto2Tau_MLL-800to1500_TuneCP5_13p6TeV_powheg-pythia8,DYto2Tau_Bin-MLL-800to1500_TuneCP5_13p6TeV_powheg-pythia8
DYto2Tau_MLL-1500to2500_TuneCP5_13p6TeV_powheg-pythia8,DYto2Tau_Bin-MLL-1500to2500_TuneCP5_13p6TeV_powheg-pythia8
DYto2Tau_MLL-2500to4000_TuneCP5_13p6TeV_powheg-pythia8,DYto2Tau_Bin-MLL-2500to4000_TuneCP5_13p6TeV_powheg-pythia8
DYto2Tau_MLL-4000to6000_TuneCP5_13p6TeV_powheg-pythia8,DYto2Tau_Bin-MLL-4000to6000_TuneCP5_13p6TeV_powheg-pythia8
DYto2Tau_MLL-6000_TuneCP5_13p6TeV_powheg-pythia8,DYto2Tau_Bin-MLL-6000_TuneCP5_13p6TeV_powheg-pythia8
blank,blank
DYto2L-4Jets_MLL-4to50_HT-40to70_TuneCP5_13p6TeV_madgraphMLM-pythia8,DYto2L-4Jets_Bin-HT-40to70-MLL-4to50_TuneCP5_13p6TeV_madgraphMLM-pythia8
DYto2L-4Jets_MLL-4to50_HT-70to100_TuneCP5_13p6TeV_madgraphMLM-pythia8,DYto2L-4Jets_Bin-HT-70to100-MLL-4to50_TuneCP5_13p6TeV_madgraphMLM-pythia8
DYto2L-4Jets_MLL-4to50_HT-100to400_TuneCP5_13p6TeV_madgraphMLM-pythia8,DYto2L-4Jets_Bin-HT-100to400-MLL-4to50_TuneCP5_13p6TeV_madgraphMLM-pythia8
DYto2L-4Jets_MLL-4to50_HT-400to800_TuneCP5_13p6TeV_madgraphMLM-pythia8,DYto2L-4Jets_Bin-HT-400to800-MLL-4to50_TuneCP5_13p6TeV_madgraphMLM-pythia8
DYto2L-4Jets_MLL-4to50_HT-800to1500_TuneCP5_13p6TeV_madgraphMLM-pythia8,DYto2L-4Jets_Bin-HT-800to1500-MLL-4to50_TuneCP5_13p6TeV_madgraphMLM-pythia8
DYto2L-4Jets_MLL-4to50_HT-1500to2500_TuneCP5_13p6TeV_madgraphMLM-pythia8,DYto2L-4Jets_Bin-HT-1500to2500-MLL-4to50_TuneCP5_13p6TeV_madgraphMLM-pythia8
DYto2L-4Jets_MLL-4to50_HT-2500_TuneCP5_13p6TeV_madgraphMLM-pythia8,DYto2L-4Jets_Bin-HT-2500-MLL-4to50_TuneCP5_13p6TeV_madgraphMLM-pythia8
blank,blank
DYto2L-4Jets_MLL-50to120_HT-40to70_TuneCP5_13p6TeV_madgraphMLM-pythia8,DYto2L-4Jets_Bin-HT-40to70-MLL-50to120_TuneCP5_13p6TeV_madgraphMLM-pythia8
DYto2L-4Jets_MLL-50to120_HT-70to100_TuneCP5_13p6TeV_madgraphMLM-pythia8,DYto2L-4Jets_Bin-HT-70to100-MLL-50to120_TuneCP5_13p6TeV_madgraphMLM-pythia8
DYto2L-4Jets_MLL-50to120_HT-100to400_TuneCP5_13p6TeV_madgraphMLM-pythia8,DYto2L-4Jets_Bin-HT-100to400-MLL-50to120_TuneCP5_13p6TeV_madgraphMLM-pythia8
DYto2L-4Jets_MLL-50to120_HT-400to800_TuneCP5_13p6TeV_madgraphMLM-pythia8,DYto2L-4Jets_Bin-HT-400to800-MLL-50to120_TuneCP5_13p6TeV_madgraphMLM-pythia8
DYto2L-4Jets_MLL-50to120_HT-800to1500_TuneCP5_13p6TeV_madgraphMLM-pythia8,DYto2L-4Jets_Bin-HT-800to1500-MLL-50to120_TuneCP5_13p6TeV_madgraphMLM-pythia8
DYto2L-4Jets_MLL-50to120_HT-1500to2500_TuneCP5_13p6TeV_madgraphMLM-pythia8,DYto2L-4Jets_Bin-HT-1500to2500-MLL-50to120_TuneCP5_13p6TeV_madgraphMLM-pythia8
DYto2L-4Jets_MLL-50to120_HT-2500_TuneCP5_13p6TeV_madgraphMLM-pythia8,DYto2L-4Jets_Bin-HT-2500-MLL-50to120_TuneCP5_13p6TeV_madgraphMLM-pythia8
blank,blank
DYto2L-4Jets_MLL-120_HT-40to70_TuneCP5_13p6TeV_madgraphMLM-pythia8,DYto2L-4Jets_Bin-HT-40to70-MLL-120_TuneCP5_13p6TeV_madgraphMLM-pythia8
DYto2L-4Jets_MLL-120_HT-70to100_TuneCP5_13p6TeV_madgraphMLM-pythia8,DYto2L-4Jets_Bin-HT-70to100-MLL-120_TuneCP5_13p6TeV_madgraphMLM-pythia8
DYto2L-4Jets_MLL-120_HT-100to400_TuneCP5_13p6TeV_madgraphMLM-pythia8,DYto2L-4Jets_Bin-HT-100to400-MLL-120_TuneCP5_13p6TeV_madgraphMLM-pythia8
DYto2L-4Jets_MLL-120_HT-400to800_TuneCP5_13p6TeV_madgraphMLM-pythia8,DYto2L-4Jets_Bin-HT-400to800-MLL-120_TuneCP5_13p6TeV_madgraphMLM-pythia8
DYto2L-4Jets_MLL-120_HT-800to1500_TuneCP5_13p6TeV_madgraphMLM-pythia8,DYto2L-4Jets_Bin-HT-800to1500-MLL-120_TuneCP5_13p6TeV_madgraphMLM-pythia8
DYto2L-4Jets_MLL-120_HT-1500to2500_TuneCP5_13p6TeV_madgraphMLM-pythia8,DYto2L-4Jets_Bin-HT-1500to2500-MLL-120_TuneCP5_13p6TeV_madgraphMLM-pythia8
DYto2L-4Jets_MLL-120_HT-2500_TuneCP5_13p6TeV_madgraphMLM-pythia8,DYto2L-4Jets_Bin-HT-2500-MLL-120_TuneCP5_13p6TeV_madgraphMLM-pythia8
blank,blank
DYto2L-2Jets_MLL-50_PTLL-40to100_1J_TuneCP5_13p6TeV_amcatnloFXFX-pythia8,DYto2L-2Jets_Bin-1J-MLL-50-PTLL-40to100_TuneCP5_13p6TeV_amcatnloFXFX-pythia8
DYto2L-2Jets_MLL-50_PTLL-100to200_1J_TuneCP5_13p6TeV_amcatnloFXFX-pythia8,DYto2L-2Jets_Bin-1J-MLL-50-PTLL-100to200_TuneCP5_13p6TeV_amcatnloFXFX-pythia8
DYto2L-2Jets_MLL-50_PTLL-200to400_1J_TuneCP5_13p6TeV_amcatnloFXFX-pythia8,DYto2L-2Jets_Bin-1J-MLL-50-PTLL-200to400_TuneCP5_13p6TeV_amcatnloFXFX-pythia8
DYto2L-2Jets_MLL-50_PTLL-400to600_1J_TuneCP5_13p6TeV_amcatnloFXFX-pythia8,DYto2L-2Jets_Bin-1J-MLL-50-PTLL-400to600_TuneCP5_13p6TeV_amcatnloFXFX-pythia8
DYto2L-2Jets_MLL-50_PTLL-600_1J_TuneCP5_13p6TeV_amcatnloFXFX-pythia8,DYto2L-2Jets_Bin-1J-MLL-50-PTLL-600_TuneCP5_13p6TeV_amcatnloFXFX-pythia8
blank,blank
DYto2L-2Jets_MLL-50_PTLL-40to100_2J_TuneCP5_13p6TeV_amcatnloFXFX-pythia8,DYto2L-2Jets_Bin-2J-MLL-50-PTLL-40to100_TuneCP5_13p6TeV_amcatnloFXFX-pythia8
DYto2L-2Jets_MLL-50_PTLL-100to200_2J_TuneCP5_13p6TeV_amcatnloFXFX-pythia8,DYto2L-2Jets_Bin-2J-MLL-50-PTLL-100to200_TuneCP5_13p6TeV_amcatnloFXFX-pythia8
DYto2L-2Jets_MLL-50_PTLL-200to400_2J_TuneCP5_13p6TeV_amcatnloFXFX-pythia8,DYto2L-2Jets_Bin-2J-MLL-50-PTLL-200to400_TuneCP5_13p6TeV_amcatnloFXFX-pythia8
DYto2L-2Jets_MLL-50_PTLL-400to600_2J_TuneCP5_13p6TeV_amcatnloFXFX-pythia8,DYto2L-2Jets_Bin-2J-MLL-50-PTLL-400to600_TuneCP5_13p6TeV_amcatnloFXFX-pythia8
DYto2L-2Jets_MLL-50_PTLL-600_2J_TuneCP5_13p6TeV_amcatnloFXFX-pythia8,DYto2L-2Jets_Bin-2J-MLL-50-PTLL-600_TuneCP5_13p6TeV_amcatnloFXFX-pythia8
blank,blank
DYGto2LG-1Jets_MLL-4to50_PTG-10to100_TuneCP5_13p6TeV_amcatnloFXFX-pythia8,DYGto2LG-1Jets_Bin-MLL-4to50-PTG-10to100_TuneCP5_13p6TeV_amcatnloFXFX-pythia8
DYGto2LG-1Jets_MLL-4to50_PTG-100to200_TuneCP5_13p6TeV_amcatnloFXFX-pythia8,DYGto2LG-1Jets_Bin-MLL-4to50-PTG-100to200_TuneCP5_13p6TeV_amcatnloFXFX-pythia8
DYGto2LG-1Jets_MLL-4to50_PTG-200_TuneCP5_13p6TeV_amcatnloFXFX-pythia8,DYGto2LG-1Jets_Bin-MLL-4to50-PTG-200_TuneCP5_13p6TeV_amcatnloFXFX-pythia8
blank,blank
DYGto2LG-1Jets_MLL-50_PTG-10to100_TuneCP5_13p6TeV_amcatnloFXFX-pythia8,DYGto2LG-1Jets_Bin-MLL-50-PTG-10to100_TuneCP5_13p6TeV_amcatnloFXFX-pythia8
DYGto2LG-1Jets_MLL-50_PTG-100to200_TuneCP5_13p6TeV_amcatnloFXFX-pythia8,DYGto2LG-1Jets_Bin-MLL-50-PTG-100to200_TuneCP5_13p6TeV_amcatnloFXFX-pythia8
DYGto2LG-1Jets_MLL-50_PTG-200_TuneCP5_13p6TeV_amcatnloFXFX-pythia8,DYGto2LG-1Jets_Bin-MLL-50-PTG-200_TuneCP5_13p6TeV_amcatnloFXFX-pythia8
blank,blank
DYBto2LB-4Jets_MLL-50-HT-40to100_TuneCP5_13p6TeV_madgraphMLM-pythia8,DYBto2LB-4Jets_Bin-MLL-50-HT-40to100_TuneCP5_13p6TeV_madgraphMLM-pythia8
DYBto2LB-4Jets_MLL-50-HT-100to400_TuneCP5_13p6TeV_madgraphMLM-pythia8,DYBto2LB-4Jets_Bin-MLL-50-HT-100to400_TuneCP5_13p6TeV_madgraphMLM-pythia8
DYBto2LB-4Jets_MLL-50-HT-400to800_TuneCP5_13p6TeV_madgraphMLM-pythia8,DYBto2LB-4Jets_Bin-MLL-50-HT-400to800_TuneCP5_13p6TeV_madgraphMLM-pythia8
DYBto2LB-4Jets_MLL-50-HT-800to1500_TuneCP5_13p6TeV_madgraphMLM-pythia8,DYBto2LB-4Jets_Bin-MLL-50-HT-800to1500_TuneCP5_13p6TeV_madgraphMLM-pythia8
DYBto2LB-4Jets_MLL-50-HT-1500to2500_TuneCP5_13p6TeV_madgraphMLM-pythia8,DYBto2LB-4Jets_Bin-MLL-50-HT-1500to2500_TuneCP5_13p6TeV_madgraphMLM-pythia8
DYBto2LB-4Jets_MLL-50-HT-2500_TuneCP5_13p6TeV_madgraphMLM-pythia8,DYBto2LB-4Jets_Bin-MLL-50-HT-2500_TuneCP5_13p6TeV_madgraphMLM-pythia8
blank,blank
DYBto2LB-4Jets_MLL-120-HT-40to100_TuneCP5_13p6TeV_madgraphMLM-pythia8,DYBto2LB-4Jets_Bin-MLL-120-HT-40to100_TuneCP5_13p6TeV_madgraphMLM-pythia8
DYBto2LB-4Jets_MLL-120-HT-100to400_TuneCP5_13p6TeV_madgraphMLM-pythia8,DYBto2LB-4Jets_Bin-MLL-120-HT-100to400_TuneCP5_13p6TeV_madgraphMLM-pythia8
DYBto2LB-4Jets_MLL-120-HT-400to800_TuneCP5_13p6TeV_madgraphMLM-pythia8,DYBto2LB-4Jets_Bin-MLL-120-HT-400to800_TuneCP5_13p6TeV_madgraphMLM-pythia8
DYBto2LB-4Jets_MLL-120-HT-800to1500_TuneCP5_13p6TeV_madgraphMLM-pythia8,DYBto2LB-4Jets_Bin-MLL-120-HT-800to1500_TuneCP5_13p6TeV_madgraphMLM-pythia8
DYBto2LB-4Jets_MLL-120-HT-1500to2500_TuneCP5_13p6TeV_madgraphMLM-pythia8,DYBto2LB-4Jets_Bin-MLL-120-HT-1500to2500_TuneCP5_13p6TeV_madgraphMLM-pythia8
DYBto2LB-4Jets_MLL-120-HT-2500_TuneCP5_13p6TeV_madgraphMLM-pythia8,DYBto2LB-4Jets_Bin-MLL-120-HT-2500_TuneCP5_13p6TeV_madgraphMLM-pythia8
blank,blank
DYto2L-4Jets_XX-XtoX_BGenFilter_TuneCP5_13p6TeV_madgraphMLM-pythia8,DYto2L-4Jets_Bin-XX-XtoX_Fil-BGen_TuneCP5_13p6TeV_madgraphMLM-pythia8
Z,blank
Zto2Nu-4Jets_HT-100to200_TuneCP5_13p6TeV_madgraphMLM-pythia8,Zto2Nu-4Jets_Bin-HT-100to200_TuneCP5_13p6TeV_madgraphMLM-pythia8
Zto2Nu-4Jets_HT-200to400_TuneCP5_13p6TeV_madgraphMLM-pythia8,Zto2Nu-4Jets_Bin-HT-200to400_TuneCP5_13p6TeV_madgraphMLM-pythia8
Zto2Nu-4Jets_HT-400to800_TuneCP5_13p6TeV_madgraphMLM-pythia8,Zto2Nu-4Jets_Bin-HT-400to800_TuneCP5_13p6TeV_madgraphMLM-pythia8
Zto2Nu-4Jets_HT-800to1500_TuneCP5_13p6TeV_madgraphMLM-pythia8,Zto2Nu-4Jets_Bin-HT-800to1500_TuneCP5_13p6TeV_madgraphMLM-pythia8
Zto2Nu-4Jets_HT-1500to2500_TuneCP5_13p6TeV_madgraphMLM-pythia8,Zto2Nu-4Jets_Bin-HT-1500to2500_TuneCP5_13p6TeV_madgraphMLM-pythia8
Zto2Nu-4Jets_HT-2500_TuneCP5_13p6TeV_madgraphMLM-pythia8,Zto2Nu-4Jets_Bin-HT-2500_TuneCP5_13p6TeV_madgraphMLM-pythia8
blank,blank
ZBto2NuB-4Jets_HT-XtoX_TuneCP5_13p6TeV_madgraphMLM-pythia8,ZBto2NuB-4Jets_Bin-HT-XtoX_TuneCP5_13p6TeV_madgraphMLM-pythia8
Zto2Nu-4Jets_HT-XtoX_BGenFilter_TuneCP5_13p6TeV_madgraphMLM-pythia8,Zto2Nu-4Jets_Bin-HT-XtoX_Fil-BGen_TuneCP5_13p6TeV_madgraphMLM-pythia8
Zto2Q-4Jets_HT-XtoX_TuneCP5_13p6TeV_madgraphMLM-pythia8,Zto2Q-4Jets_Bin-HT-XtoX_TuneCP5_13p6TeV_madgraphMLM-pythia8
Zto2Q-2Jets_PTQQ-40to100_1J_TuneCP5_13p6TeV_amcatnloFXFX-pythia8,Zto2Q-2Jets_Bin-1J-PTQQ-40to100_TuneCP5_13p6TeV_amcatnloFXFX-pythia8
Zto2Q-2Jets_PTQQ-100to200_1J_TuneCP5_13p6TeV_amcatnloFXFX-pythia8,Zto2Q-2Jets_Bin-1J-PTQQ-100to200_TuneCP5_13p6TeV_amcatnloFXFX-pythia8
Zto2Q-2Jets_PTQQ-200to400_1J_TuneCP5_13p6TeV_amcatnloFXFX-pythia8,Zto2Q-2Jets_Bin-1J-PTQQ-200to400_TuneCP5_13p6TeV_amcatnloFXFX-pythia8
Zto2Q-2Jets_PTQQ-400to600_1J_TuneCP5_13p6TeV_amcatnloFXFX-pythia8,Zto2Q-2Jets_Bin-1J-PTQQ-400to600_TuneCP5_13p6TeV_amcatnloFXFX-pythia8
Zto2Q-2Jets_PTQQ-600_1J_TuneCP5_13p6TeV_amcatnloFXFX-pythia8,Zto2Q-2Jets_Bin-1J-PTQQ-600_TuneCP5_13p6TeV_amcatnloFXFX-pythia8
blank,blank
Zto2Q-2Jets_PTQQ-40to100_2J_TuneCP5_13p6TeV_amcatnloFXFX-pythia8,Zto2Q-2Jets_Bin-2J-PTQQ-40to100_TuneCP5_13p6TeV_amcatnloFXFX-pythia8
Zto2Q-2Jets_PTQQ-100to200_2J_TuneCP5_13p6TeV_amcatnloFXFX-pythia8,Zto2Q-2Jets_Bin-2J-PTQQ-100to200_TuneCP5_13p6TeV_amcatnloFXFX-pythia8
Zto2Q-2Jets_PTQQ-200to400_2J_TuneCP5_13p6TeV_amcatnloFXFX-pythia8,Zto2Q-2Jets_Bin-2J-PTQQ-200to400_TuneCP5_13p6TeV_amcatnloFXFX-pythia8
Zto2Q-2Jets_PTQQ-400to600_2J_TuneCP5_13p6TeV_amcatnloFXFX-pythia8,Zto2Q-2Jets_Bin-2J-PTQQ-400to600_TuneCP5_13p6TeV_amcatnloFXFX-pythia8
Zto2Q-2Jets_PTQQ-600_2J_TuneCP5_13p6TeV_amcatnloFXFX-pythia8,Zto2Q-2Jets_Bin-2J-PTQQ-600_TuneCP5_13p6TeV_amcatnloFXFX-pythia8
blank,blank
ZGto2NuG-1Jets_PTG-10to100TuneCP5_13p6TeV_amcatnloFXFX-pythia8,ZGto2NuG-1Jets_Bin-PTG-10to100_TuneCP5_13p6TeV_amcatnloFXFX-pythia8
ZGto2NuG-1Jets_PTG-100to200TuneCP5_13p6TeV_amcatnloFXFX-pythia8,ZGto2NuG-1Jets_Bin-PTG-100to200_TuneCP5_13p6TeV_amcatnloFXFX-pythia8
ZGto2NuG-1Jets_PTG-200to400TuneCP5_13p6TeV_amcatnloFXFX-pythia8,ZGto2NuG-1Jets_Bin-PTG-200to400_TuneCP5_13p6TeV_amcatnloFXFX-pythia8
ZGto2NuG-1Jets_PTG-400to600TuneCP5_13p6TeV_amcatnloFXFX-pythia8,ZGto2NuG-1Jets_Bin-PTG-400to600_TuneCP5_13p6TeV_amcatnloFXFX-pythia8
ZGto2NuG-1Jets_PTG-600TuneCP5_13p6TeV_amcatnloFXFX-pythia8,ZGto2NuG-1Jets_Bin-PTG-600_TuneCP5_13p6TeV_amcatnloFXFX-pythia8
blank,blank
ZGto2QG-1Jets_PTG-100to200TuneCP5_13p6TeV_amcatnloFXFX-pythia8,ZGto2QG-1Jets_Bin-PTG-100to200_TuneCP5_13p6TeV_amcatnloFXFX-pythia8
ZGto2QG-1Jets_PTG-200TuneCP5_13p6TeV_amcatnloFXFX-pythia8,ZGto2QG-1Jets_Bin-PTG-200_TuneCP5_13p6TeV_amcatnloFXFX-pythia8
W,blank
WtoLNu-4Jets_TuneCP5_13p6TeV_madgraphMLM-pythia8,WtoLNu-4Jets_TuneCP5_13p6TeV_madgraphMLM-pythia8
WtoLNu-4Jets_0J_TuneCP5_13p6TeV_madgraphMLM-pythia8,WtoLNu-4Jets_Bin-0J_TuneCP5_13p6TeV_madgraphMLM-pythia8
WtoLNu-4Jets_1J_TuneCP5_13p6TeV_madgraphMLM-pythia8,WtoLNu-4Jets_Bin-1J_TuneCP5_13p6TeV_madgraphMLM-pythia8
WtoLNu-4Jets_2J_TuneCP5_13p6TeV_madgraphMLM-pythia8,WtoLNu-4Jets_Bin-2J_TuneCP5_13p6TeV_madgraphMLM-pythia8
WtoLNu-4Jets_3J_TuneCP5_13p6TeV_madgraphMLM-pythia8,WtoLNu-4Jets_Bin-3J_TuneCP5_13p6TeV_madgraphMLM-pythia8
WtoLNu-4Jets_4J_TuneCP5_13p6TeV_madgraphMLM-pythia8,WtoLNu-4Jets_Bin-4J_TuneCP5_13p6TeV_madgraphMLM-pythia8
WtoLNu-4Jets_MLNu-120to200_madgraphMLM-pythia8,WtoLNu-4Jets_Bin-MLNu-120to200_TuneCP5_13p6TeV_madgraphMLM-pythia8
WtoLNu-4Jets_MLNu-200to400_madgraphMLM-pythia8,WtoLNu-4Jets_Bin-MLNu-200to400_TuneCP5_13p6TeV_madgraphMLM-pythia8
WtoLNu-4Jets_MLNu-400to800_madgraphMLM-pythia8,WtoLNu-4Jets_Bin-MLNu-400to800_TuneCP5_13p6TeV_madgraphMLM-pythia8
WtoLNu-4Jets_MLNu-800to1500_madgraphMLM-pythia8,WtoLNu-4Jets_Bin-MLNu-800to1500_TuneCP5_13p6TeV_madgraphMLM-pythia8
WtoLNu-4Jets_MLNu-1500to2500_madgraphMLM-pythia8,WtoLNu-4Jets_Bin-MLNu-1500to2500_TuneCP5_13p6TeV_madgraphMLM-pythia8
WtoLNu-4Jets_MLNu-2500to4000_madgraphMLM-pythia8,WtoLNu-4Jets_Bin-MLNu-2500to4000_TuneCP5_13p6TeV_madgraphMLM-pythia8
WtoLNu-4Jets_MLNu-4000to6000_madgraphMLM-pythia8,WtoLNu-4Jets_Bin-MLNu-4000to6000_TuneCP5_13p6TeV_madgraphMLM-pythia8
WtoLNu-4Jets_MLNu-6000_madgraphMLM-pythia8,WtoLNu-4Jets_Bin-MLNu-6000_TuneCP5_13p6TeV_madgraphMLM-pythia8
blank,blank
WtoLNu-2Jets_TuneCP5_13p6TeV_amcatnloFXFX-pythia8,WtoLNu-2Jets_TuneCP5_13p6TeV_amcatnloFXFX-pythia8
blank,WtoENu-2Jets_TuneCP5_13p6TeV_amcatnloFXFX-pythia8
blank,WtoMuNu-2Jets_TuneCP5_13p6TeV_amcatnloFXFX-pythia8
blank,WtoTauNu-2Jets_TuneCP5_13p6TeV_amcatnloFXFX-pythia8
WtoLNu-2Jets_0J_TuneCP5_13p6TeV_amcatnloFXFX-pythia8,WtoLNu-2Jets_Bin-0J_TuneCP5_13p6TeV_amcatnloFXFX-pythia8
blank,WtoENu-2Jets_Bin-0J_TuneCP5_13p6TeV_amcatnloFXFX-pythia8
blank,WtoMuNu-2Jets_Bin-0J_TuneCP5_13p6TeV_amcatnloFXFX-pythia8
blank,WtoTauNu-2Jets_Bin-0J_TuneCP5_13p6TeV_amcatnloFXFX-pythia8
WtoLNu-2Jets_1J_TuneCP5_13p6TeV_amcatnloFXFX-pythia8,WtoLNu-2Jets_Bin-1J_TuneCP5_13p6TeV_amcatnloFXFX-pythia8
WtoLNu-2Jets_2J_TuneCP5_13p6TeV_amcatnloFXFX-pythia8,WtoLNu-2Jets_Bin-2J_TuneCP5_13p6TeV_amcatnloFXFX-pythia8
WtoLNu-4Jets_MLNu-0to120_HT-40to100_TuneCP5_13p6TeV_madgraphMLM-pythia8,WtoLNu-4Jets_Bin-HT-40to100-MLNu-0to120_TuneCP5_13p6TeV_madgraphMLM-pythia8
WtoLNu-4Jets_MLNu-0to120_HT-100to400_TuneCP5_13p6TeV_madgraphMLM-pythia8,WtoLNu-4Jets_Bin-HT-100to400-MLNu-0to120_TuneCP5_13p6TeV_madgraphMLM-pythia8
WtoLNu-4Jets_MLNu-0to120_HT-400to800_TuneCP5_13p6TeV_madgraphMLM-pythia8,WtoLNu-4Jets_Bin-HT-400to800-MLNu-0to120_TuneCP5_13p6TeV_madgraphMLM-pythia8
WtoLNu-4Jets_MLNu-0to120_HT-800to1500_TuneCP5_13p6TeV_madgraphMLM-pythia8,WtoLNu-4Jets_Bin-HT-800to1500-MLNu-0to120_TuneCP5_13p6TeV_madgraphMLM-pythia8
WtoLNu-4Jets_MLNu-0to120_HT-1500to2500_TuneCP5_13p6TeV_madgraphMLM-pythia8,WtoLNu-4Jets_Bin-HT-1500to2500-MLNu-0to120_TuneCP5_13p6TeV_madgraphMLM-pythia8
WtoLNu-4Jets_MLNu-0to120_HT-2500_TuneCP5_13p6TeV_madgraphMLM-pythia8,WtoLNu-4Jets_Bin-HT-2500-MLNu-0to120_TuneCP5_13p6TeV_madgraphMLM-pythia8
blank,blank
WtoLNu-4Jets_MLNu-120_HT-40to100_TuneCP5_13p6TeV_madgraphMLM-pythia8,WtoLNu-4Jets_Bin-HT-40to100-MLNu-120_TuneCP5_13p6TeV_madgraphMLM-pythia8
WtoLNu-4Jets_MLNu-120_HT-100to400_TuneCP5_13p6TeV_madgraphMLM-pythia8,WtoLNu-4Jets_Bin-HT-100to400-MLNu-120_TuneCP5_13p6TeV_madgraphMLM-pythia8
WtoLNu-4Jets_MLNu-120_HT-400to800_TuneCP5_13p6TeV_madgraphMLM-pythia8,WtoLNu-4Jets_Bin-HT-400to800-MLNu-120_TuneCP5_13p6TeV_madgraphMLM-pythia8
WtoLNu-4Jets_MLNu-120_HT-800to1500_TuneCP5_13p6TeV_madgraphMLM-pythia8,WtoLNu-4Jets_Bin-HT-800to1500-MLNu-120_TuneCP5_13p6TeV_madgraphMLM-pythia8
WtoLNu-4Jets_MLNu-120_HT-1500to2500_TuneCP5_13p6TeV_madgraphMLM-pythia8,WtoLNu-4Jets_Bin-HT-1500to2500-MLNu-120_TuneCP5_13p6TeV_madgraphMLM-pythia8
WtoLNu-4Jets_MLNu-120_HT-2500_TuneCP5_13p6TeV_madgraphMLM-pythia8,WtoLNu-4Jets_Bin-HT-2500-MLNu-120_TuneCP5_13p6TeV_madgraphMLM-pythia8
blank,blank
WtoLNu-2Jets_PTLNu-XXtoXX_XXJ_TuneCP5_13p6TeV_amcatnloFXFX-pythia8,WtoLNu-2Jets_Bin-XXJ-PTLNu-XXtoXX_TuneCP5_13p6TeV_amcatnloFXFX-pythia8
WtoLNu-2Jets_PTLNu-40to100_1J_TuneCP5_13p6TeV_amcatnloFXFX-pythia8,WtoLNu-2Jets_Bin-1J-PTLNu-40to100_TuneCP5_13p6TeV_amcatnloFXFX-pythia8
WtoLNu-2Jets_PTLNu-100to200_1J_TuneCP5_13p6TeV_amcatnloFXFX-pythia8,WtoLNu-2Jets_Bin-1J-PTLNu-100to200_TuneCP5_13p6TeV_amcatnloFXFX-pythia8
WtoLNu-2Jets_PTLNu-200to400_1J_TuneCP5_13p6TeV_amcatnloFXFX-pythia8,WtoLNu-2Jets_Bin-1J-PTLNu-200to400_TuneCP5_13p6TeV_amcatnloFXFX-pythia8
WtoLNu-2Jets_PTLNu-400to600_1J_TuneCP5_13p6TeV_amcatnloFXFX-pythia8,WtoLNu-2Jets_Bin-1J-PTLNu-400to600_TuneCP5_13p6TeV_amcatnloFXFX-pythia8
WtoLNu-2Jets_PTLNu-600_1J_TuneCP5_13p6TeV_amcatnloFXFX-pythia8,WtoLNu-2Jets_Bin-1J-PTLNu-600_TuneCP5_13p6TeV_amcatnloFXFX-pythia8
blank,blank
WtoLNu-2Jets_PTLNu-40to100_2J_TuneCP5_13p6TeV_amcatnloFXFX-pythia8,WtoLNu-2Jets_Bin-2J-PTLNu-40to100_TuneCP5_13p6TeV_amcatnloFXFX-pythia8
WtoLNu-2Jets_PTLNu-100to200_2J_TuneCP5_13p6TeV_amcatnloFXFX-pythia8,WtoLNu-2Jets_Bin-2J-PTLNu-100to200_TuneCP5_13p6TeV_amcatnloFXFX-pythia8
WtoLNu-2Jets_PTLNu-200to400_2J_TuneCP5_13p6TeV_amcatnloFXFX-pythia8,WtoLNu-2Jets_Bin-2J-PTLNu-200to400_TuneCP5_13p6TeV_amcatnloFXFX-pythia8
WtoLNu-2Jets_PTLNu-400to600_2J_TuneCP5_13p6TeV_amcatnloFXFX-pythia8,WtoLNu-2Jets_Bin-2J-PTLNu-400to600_TuneCP5_13p6TeV_amcatnloFXFX-pythia8
WtoLNu-2Jets_PTLNu-600_2J_TuneCP5_13p6TeV_amcatnloFXFX-pythia8,WtoLNu-2Jets_Bin-2J-PTLNu-600_TuneCP5_13p6TeV_amcatnloFXFX-pythia8
blank,blank
Wto2Q-2Jets_PTQQ-XXtoXX_XXJ_TuneCP5_13p6TeV_amcatnloFXFX-pythia8,Wto2Q-2Jets_Bin-XXJ-PTQQ-XXtoXX_TuneCP5_13p6TeV_amcatnloFXFX-pythia8
WGtoLNuG-1Jets_PTG-10to100TuneCP5_13p6TeV_amcatnloFXFX-pythia8,WGtoLNuG-1Jets_Bin-PTG-10to100_TuneCP5_13p6TeV_amcatnloFXFX-pythia8
WGtoLNuG-1Jets_PTG-100to200TuneCP5_13p6TeV_amcatnloFXFX-pythia8,WGtoLNuG-1Jets_Bin-PTG-100to200_TuneCP5_13p6TeV_amcatnloFXFX-pythia8
WGtoLNuG-1Jets_PTG-200to400TuneCP5_13p6TeV_amcatnloFXFX-pythia8,WGtoLNuG-1Jets_Bin-PTG-200to400_TuneCP5_13p6TeV_amcatnloFXFX-pythia8
WGtoLNuG-1Jets_PTG-400to600TuneCP5_13p6TeV_amcatnloFXFX-pythia8,WGtoLNuG-1Jets_Bin-PTG-400to600_TuneCP5_13p6TeV_amcatnloFXFX-pythia8
WGtoLNuG-1Jets_PTG-600TuneCP5_13p6TeV_amcatnloFXFX-pythia8,WGtoLNuG-1Jets_Bin-PTG-600_TuneCP5_13p6TeV_amcatnloFXFX-pythia8
blank,blank
WGto2QG-1Jets_PTG-100to200TuneCP5_13p6TeV_amcatnloFXFX-pythia8,WGto2QG-1Jets_Bin-PTG-100to200_TuneCP5_13p6TeV_amcatnloFXFX-pythia8
WGto2QG-1Jets_PTG-200TuneCP5_13p6TeV_amcatnloFXFX-pythia8,WGto2QG-1Jets_Bin-PTG-200_TuneCP5_13p6TeV_amcatnloFXFX-pythia8
blank,blank
WBtoLNuB-4Jets_XX-XtoX_TuneCP5_13p6TeV_madgraphMLM-pythia8,WBtoLNuB-4Jets_Bin-XX-XtoX_TuneCP5_13p6TeV_madgraphMLM-pythia8
WtoLNu-4Jets_XX-XtoX_BGenFilter_TuneCP5_13p6TeV_madgraphMLM-pythia8,WtoLNu-4Jets_Bin-XX-XtoX_Fil-BGen_TuneCP5_13p6TeV_madgraphMLM-pythia8
TT+X,blank
TTto2L2Nu-3Jets_TuneCP5_13p6TeV_madgraphMLM-pythia8,TTto2L2Nu-3Jets_TuneCP5_13p6TeV_madgraphMLM-pythia8
TTtoLplusNu2Q-3Jets_TuneCP5_13p6TeV_madgraphMLM-pythia8,TTtoLplusNu2Q-3Jets_TuneCP5_13p6TeV_madgraphMLM-pythia8
TTtoLminusNu2Q-3Jets_TuneCP5_13p6TeV_madgraphMLM-pythia8,TTtoLminusNu2Q-3Jets_TuneCP5_13p6TeV_madgraphMLM-pythia8
TTto4Q-3Jets_TuneCP5_13p6TeV_madgraphMLM-pythia8,TTto4Q-3Jets_TuneCP5_13p6TeV_madgraphMLM-pythia8
TTto2L2Nu-2Jets_TuneCP5_13p6TeV_amcatnloFXFX-pythia8,TTto2L2Nu-2Jets_TuneCP5_13p6TeV_amcatnloFXFX-pythia8
TTtoLplusNu2Q-2Jets_TuneCP5_13p6TeV_amcatnloFXFX-pythia8,TTtoLplusNu2Q-2Jets_TuneCP5_13p6TeV_amcatnloFXFX-pythia8
TTtoLminusNu2Q-2Jets_TuneCP5_13p6TeV_amcatnloFXFX-pythia8,TTtoLminusNu2Q-2Jets_TuneCP5_13p6TeV_amcatnloFXFX-pythia8
TTto4Q-2Jets_TuneCP5_13p6TeV_amcatnloFXFX-pythia8,TTto4Q-2Jets_TuneCP5_13p6TeV_amcatnloFXFX-pythia8
TTtoLNu2Q_TuneCP5_13p6TeV_powheg-pythia8,TTtoLNu2Q_TuneCP5_13p6TeV_powheg-pythia8
TTto4Q_TuneCP5_13p6TeV_powheg-pythia8,TTto4Q_TuneCP5_13p6TeV_powheg-pythia8
TTto2L2Nu_TuneCP5_13p6TeV_powheg-pythia8,TTto2L2Nu_TuneCP5_13p6TeV_powheg-pythia8
TTtoLNu2Q_Hdamp-158_TuneCP5_13p6TeV_powheg-pythia8,TTtoLNu2Q_Par-Hdamp-158_TuneCP5_13p6TeV_powheg-pythia8
TTtoLNu2Q_Hdamp-418_TuneCP5_13p6TeV_powheg-pythia8,TTtoLNu2Q_Par-Hdamp-418_TuneCP5_13p6TeV_powheg-pythia8
blank,blank
TTto4Q_Hdamp-158_TuneCP5_13p6TeV_powheg-pythia8,TTto4Q_Par-Hdamp-158_TuneCP5_13p6TeV_powheg-pythia8
TTto4Q_Hdamp-418_TuneCP5_13p6TeV_powheg-pythia8,TTto4Q_Par-Hdamp-418_TuneCP5_13p6TeV_powheg-pythia8
blank,blank
TTto2L2Nu_Hdamp-158_TuneCP5_13p6TeV_powheg-pythia8,TTto2L2Nu_Par-Hdamp-158_TuneCP5_13p6TeV_powheg-pythia8
TTto2L2Nu_Hdamp-418_TuneCP5_13p6TeV_powheg-pythia8,TTto2L2Nu_Par-Hdamp-418_TuneCP5_13p6TeV_powheg-pythia8
blank,blank
TTtoLNu2Q_MT-166p5_TuneCP5_13p6TeV_powheg-pythia8,TTtoLNu2Q_Par-MT-166p5_TuneCP5_13p6TeV_powheg-pythia8
TTtoLNu2Q_MT-169p5_TuneCP5_13p6TeV_powheg-pythia8,TTtoLNu2Q_Par-MT-169p5_TuneCP5_13p6TeV_powheg-pythia8
TTtoLNu2Q_MT-171p5_TuneCP5_13p6TeV_powheg-pythia8,TTtoLNu2Q_Par-MT-171p5_TuneCP5_13p6TeV_powheg-pythia8
TTtoLNu2Q_MT-173p5_TuneCP5_13p6TeV_powheg-pythia8,TTtoLNu2Q_Par-MT-173p5_TuneCP5_13p6TeV_powheg-pythia8
TTtoLNu2Q_MT-175p5_TuneCP5_13p6TeV_powheg-pythia8,TTtoLNu2Q_Par-MT-175p5_TuneCP5_13p6TeV_powheg-pythia8
TTtoLNu2Q_MT-178p5_TuneCP5_13p6TeV_powheg-pythia8,TTtoLNu2Q_Par-MT-178p5_TuneCP5_13p6TeV_powheg-pythia8
blank,blank
TTto4Q_MT-166p5_TuneCP5_13p6TeV_powheg-pythia8,TTto4Q_Par-MT-166p5_TuneCP5_13p6TeV_powheg-pythia8
TTto4Q_MT-169p5_TuneCP5_13p6TeV_powheg-pythia8,TTto4Q_Par-MT-169p5_TuneCP5_13p6TeV_powheg-pythia8
TTto4Q_MT-171p5_TuneCP5_13p6TeV_powheg-pythia8,TTto4Q_Par-MT-171p5_TuneCP5_13p6TeV_powheg-pythia8
TTto4Q_MT-173p5_TuneCP5_13p6TeV_powheg-pythia8,TTto4Q_Par-MT-173p5_TuneCP5_13p6TeV_powheg-pythia8
TTto4Q_MT-175p5_TuneCP5_13p6TeV_powheg-pythia8,TTto4Q_Par-MT-175p5_TuneCP5_13p6TeV_powheg-pythia8
TTto4Q_MT-178p5_TuneCP5_13p6TeV_powheg-pythia8,TTto4Q_Par-MT-178p5_TuneCP5_13p6TeV_powheg-pythia8
blank,blank
TTto2L2Nu_MT-166p5_TuneCP5_13p6TeV_powheg-pythia8,TTto2L2Nu_Par-MT-166p5_TuneCP5_13p6TeV_powheg-pythia8
TTto2L2Nu_MT-169p5_TuneCP5_13p6TeV_powheg-pythia8,TTto2L2Nu_Par-MT-169p5_TuneCP5_13p6TeV_powheg-pythia8
TTto2L2Nu_MT-171p5_TuneCP5_13p6TeV_powheg-pythia8,TTto2L2Nu_Par-MT-171p5_TuneCP5_13p6TeV_powheg-pythia8
TTto2L2Nu_MT-173p5_TuneCP5_13p6TeV_powheg-pythia8,TTto2L2Nu_Par-MT-173p5_TuneCP5_13p6TeV_powheg-pythia8
TTto2L2Nu_MT-175p5_TuneCP5_13p6TeV_powheg-pythia8,TTto2L2Nu_Par-MT-175p5_TuneCP5_13p6TeV_powheg-pythia8
TTto2L2Nu_MT-178p5_TuneCP5_13p6TeV_powheg-pythia8,TTto2L2Nu_Par-MT-178p5_TuneCP5_13p6TeV_powheg-pythia8
blank,blank
TTtoLNu2Q_TuneCP5CR1_13p6TeV_powheg-pythia8,TTtoLNu2Q_TuneCP5CR1_13p6TeV_powheg-pythia8
TTto4Q_TuneCP5CR1_13p6TeV_powheg-pythia8,TTto4Q_TuneCP5CR1_13p6TeV_powheg-pythia8
TTto2L2Nu_TuneCP5CR1_13p6TeV_powheg-pythia8,TTto2L2Nu_TuneCP5CR1_13p6TeV_powheg-pythia8
TTtoLNu2Q_TuneCP5CR2_13p6TeV_powheg-pythia8,TTtoLNu2Q_TuneCP5CR2_13p6TeV_powheg-pythia8
TTto4Q_TuneCP5CR2_13p6TeV_powheg-pythia8,TTto4Q_TuneCP5CR2_13p6TeV_powheg-pythia8
TTto2L2Nu_TuneCP5CR2_13p6TeV_powheg-pythia8,TTto2L2Nu_TuneCP5CR2_13p6TeV_powheg-pythia8
TTtoLNu2Q_TuneCP5Up_13p6TeV_powheg-pythia8,TTtoLNu2Q_TuneCP5Up_13p6TeV_powheg-pythia8
TTto4Q_TuneCP5Up_13p6TeV_powheg-pythia8,TTto4Q_TuneCP5Up_13p6TeV_powheg-pythia8
TTto2L2Nu_TuneCP5Up_13p6TeV_powheg-pythia8,TTto2L2Nu_TuneCP5Up_13p6TeV_powheg-pythia8
TTtoLNu2Q_TuneCP5Down_13p6TeV_powheg-pythia8,TTtoLNu2Q_TuneCP5Down_13p6TeV_powheg-pythia8
TTto4Q_TuneCP5Down_13p6TeV_powheg-pythia8,TTto4Q_TuneCP5Down_13p6TeV_powheg-pythia8
TTto2L2Nu_TuneCP5Down_13p6TeV_powheg-pythia8,TTto2L2Nu_TuneCP5Down_13p6TeV_powheg-pythia8
TTtoLNu2Q_TuneCP5_ERDOn_13p6TeV_powheg-pythia8,TTtoLNu2Q_Par-ERD-on_TuneCP5_13p6TeV_powheg-pythia8
TTto4Q_TuneCP5_ERDOn_13p6TeV_powheg-pythia8,TTto4Q_Par-ERD-on_TuneCP5_13p6TeV_powheg-pythia8
TTto2L2Nu_TuneCP5_ERDOn_13p6TeV_powheg-pythia8,TTto2L2Nu_Par-ERD-on_TuneCP5_13p6TeV_powheg-pythia8
TT_MTT-1500toInf_TuneCP5_13p6TeV_powheg-pythia8,TT_Bin-MTT-1500toInf_TuneCP5_13p6TeV_powheg-pythia8
TTLNu-1Jets_TuneCP5_13p6TeV_amcatnloFXFX-pythia8 (ttW),TTLNu-1Jets_TuneCP5_13p6TeV_amcatnloFXFX-pythia8 (ttW)
TTLL_MLL-4to50_TuneCP5_13p6TeV_amcatnlo-pythia8,TTLL_Bin-MLL-4to50_TuneCP5_13p6TeV_amcatnlo-pythia8
TTLL_MLL-50_TuneCP5_13p6TeV_amcatnlo-pythia8,TTLL_Bin-MLL-50_TuneCP5_13p6TeV_amcatnlo-pythia8
blank,blank
TTG_PTG-10to100_TuneCP5_13p6TeV_amcatnloFXFX-pythia8,TTG_Bin-PTG-10to100_TuneCP5_13p6TeV_amcatnloFXFX-pythia8
TTG_PTG-100to200_TuneCP5_13p6TeV_amcatnloFXFX-pythia8,TTG_Bin-PTG-100to200_TuneCP5_13p6TeV_amcatnloFXFX-pythia8
TTG_PTG-200_TuneCP5_13p6TeV_amcatnloFXFX-pythia8,TTG_Bin-PTG-200_TuneCP5_13p6TeV_amcatnloFXFX-pythia8
blank,blank
TZQB-Zto2L-4FS_MLL-4to50_TuneCP5_13p6TeV_amcatnlo-pythia8,TZQB-Zto2L-4FS_Bin-MLL-4to50_TuneCP5_13p6TeV_amcatnlo-pythia8
TZQB-Zto2L-4FS_MLL-50_TuneCP5_13p6TeV_amcatnlo-pythia8,TZQB-Zto2L-4FS_Bin-MLL-50_TuneCP5_13p6TeV_amcatnlo-pythia8
blank,blank
SingleT,blank
TBbartoLplusNuBbar-s-channel-4FS_TuneCP5_13p6TeV_amcatnlo-pythia8,TBbartoLplusNuBbar-s-channel-4FS_TuneCP5_13p6TeV_amcatnlo-pythia8
TbarBtoLminusNuB-s-channel-4FS_TuneCP5_13p6TeV_amcatnlo-pythia8,TbarBtoLminusNuB-s-channel-4FS_TuneCP5_13p6TeV_amcatnlo-pythia8
TBbartoLNu-s-channel_TuneCP5_13p6TeV_powheg-pythia8,TBbartoLNu-s-channel_TuneCP5_13p6TeV_powheg-pythia8
TbarBtoLNu-s-channel_TuneCP5_13p6TeV_powheg-pythia8,TbarBtoLNu-s-channel_TuneCP5_13p6TeV_powheg-pythia8
TQbartoLNu-t-channel_TuneCP5_13p6TeV_powheg-pythia8,TQbartoLNu-t-channel_TuneCP5_13p6TeV_powheg-pythia8
TbarQtoLNu-t-channel_TuneCP5_13p6TeV_powheg-pythia8,TbarQtoLNu-t-channel_TuneCP5_13p6TeV_powheg-pythia8
TBbarto2Q-s-channel_TuneCP5_13p6TeV_powheg-pythia8,TBbarto2Q-s-channel_TuneCP5_13p6TeV_powheg-pythia8
TbarBto2Q-s-channel_TuneCP5_13p6TeV_powheg-pythia8,TbarBto2Q-s-channel_TuneCP5_13p6TeV_powheg-pythia8
TQbarto2Q-t-channel_TuneCP5_13p6TeV_powheg-pythia8,TQbarto2Q-t-channel_TuneCP5_13p6TeV_powheg-pythia8
TbarQto2Q-t-channel_TuneCP5_13p6TeV_powheg-pythia8,TbarQto2Q-t-channel_TuneCP5_13p6TeV_powheg-pythia8
TbarWplustoLNu2Q_TuneCP5_13p6TeV_powheg-pythia8,TbarWplustoLNu2Q_TuneCP5_13p6TeV_powheg-pythia8
TWminustoLNu2Q_TuneCP5_13p6TeV_powheg-pythia8,TWminustoLNu2Q_TuneCP5_13p6TeV_powheg-pythia8
TbarWplusto2L2Nu_TuneCP5_13p6TeV_powheg-pythia8,TbarWplusto2L2Nu_TuneCP5_13p6TeV_powheg-pythia8
TWminusto2L2Nu_TuneCP5_13p6TeV_powheg-pythia8,TWminusto2L2Nu_TuneCP5_13p6TeV_powheg-pythia8
TbarWplusto4Q_TuneCP5_13p6TeV_powheg-pythia8,TbarWplusto4Q_TuneCP5_13p6TeV_powheg-pythia8
TWminusto4Q_TuneCP5_13p6TeV_powheg-pythia8,TWminusto4Q_TuneCP5_13p6TeV_powheg-pythia8
TWto2L2Nu-DR1_TuneCP5_13p6TeV_amcatnlo-pythia8,blank
TWto2L2Nu-DR2_TuneCP5_13p6TeV_amcatnlo-pythia8,blank
TWto2L2Nu-DS-FS-BW_TuneCP5_13p6TeV_amcatnlo-pythia8,blank
TWto2L2Nu-DS-FS_TuneCP5_13p6TeV_amcatnlo-pythia8,blank
TWto2L2Nu-DS-IS-BW_TuneCP5_13p6TeV_amcatnlo-pythia8,blank
TWto2L2Nu-DS-IS-BW_TuneCP5_13p6TeV_amcatnlo-pythia8,blank
WW,blank
WWtoLNu2Q-1Jets-4FS_TuneCP5_13p6TeV_amcatnloFXFX-pythia8,WWtoLNu2Q-1Jets-4FS_TuneCP5_13p6TeV_amcatnloFXFX-pythia8
WWto4Q-1Jets-4FS_TuneCP5_13p6TeV_amcatnloFXFX-pythia8,WWto4Q-1Jets-4FS_TuneCP5_13p6TeV_amcatnloFXFX-pythia8
WWtoLNu2Q_TuneCP5_13p6TeV_powheg-pythia8,WWtoLNu2Q_TuneCP5_13p6TeV_powheg-pythia8
WWto2L2Nu_TuneCP5_13p6TeV_powheg-pythia8,WWto2L2Nu_TuneCP5_13p6TeV_powheg-pythia8
WWto4Q_TuneCP5_13p6TeV_powheg-pythia8,WWto4Q_TuneCP5_13p6TeV_powheg-pythia8
WW_TuneCP5_13p6TeV_pythia8,WW_TuneCP5_13p6TeV_pythia8
WZ,blank
WZ_TuneCP5_13p6TeV_pythia8,WZ_TuneCP5_13p6TeV_pythia8
WZtoLNu2Q-1Jets-4FS_TuneCP5_13p6TeV_amcatnloFXFX-pythia8,WZtoLNu2Q-1Jets-4FS_TuneCP5_13p6TeV_amcatnloFXFX-pythia8
WZto2L2Q-1Jets_TuneCP5_13p6TeV_amcatnloFXFX-pythia8,WZto2L2Q-1Jets_TuneCP5_13p6TeV_amcatnloFXFX-pythia8
WZtoL3Nu-1Jets-4FS_TuneCP5_13p6TeV_amcatnloFXFX-pythia8,WZtoL3Nu-1Jets-4FS_TuneCP5_13p6TeV_amcatnloFXFX-pythia8
WZto3LNu-1Jets-4FS_TuneCP5_13p6TeV_amcatnloFXFX-pythia8,WZto3LNu-1Jets-4FS_TuneCP5_13p6TeV_amcatnloFXFX-pythia8
WZto4Q-1Jets-4FS_TuneCP5_13p6TeV_amcatnloFXFX-pythia8,WZto4Q-1Jets-4FS_TuneCP5_13p6TeV_amcatnloFXFX-pythia8
WZtoLNu2Q_TuneCP5_13p6TeV_powheg-pythia8,WZtoLNu2Q_TuneCP5_13p6TeV_powheg-pythia8
WZto2L2Q_TuneCP5_13p6TeV_powheg-pythia8,WZto2L2Q_TuneCP5_13p6TeV_powheg-pythia8
WZtoL3Nu_TuneCP5_13p6TeV_powheg-pythia8,WZtoL3Nu_TuneCP5_13p6TeV_powheg-pythia8
WZto3LNu_TuneCP5_13p6TeV_powheg-pythia8,WZto3LNu_TuneCP5_13p6TeV_powheg-pythia8
WZto4Q_TuneCP5_13p6TeV_powheg-pythia8,WZto4Q_TuneCP5_13p6TeV_powheg-pythia8
ZZ,blank
ZZto2L2Q_TuneCP5_13p6TeV_powheg-pythia8,ZZto2L2Q_TuneCP5_13p6TeV_powheg-pythia8
ZZto2L2Nu_TuneCP5_13p6TeV_powheg-pythia8,ZZto2L2Nu_TuneCP5_13p6TeV_powheg-pythia8
ZZto4L_TuneCP5_13p6TeV_powheg-pythia8,ZZto4L_TuneCP5_13p6TeV_powheg-pythia8
ZZto2Nu2Q_TuneCP5_13p6TeV_powheg-pythia8,ZZto2Nu2Q_TuneCP5_13p6TeV_powheg-pythia8
ZZto4Q_TuneCP5_13p6TeV_powheg-pythia8,ZZto4Q_TuneCP5_13p6TeV_powheg-pythia8
ZZto2L2Q-1Jets_TuneCP5_13p6TeV_amcatnloFXFX-pythia8,ZZto2L2Q-1Jets_TuneCP5_13p6TeV_amcatnloFXFX-pythia8
ZZto4L-1Jets_TuneCP5_13p6TeV_amcatnloFXFX-pythia8,ZZto4L-1Jets_TuneCP5_13p6TeV_amcatnloFXFX-pythia8
ZZto2Nu2Q-1Jets_TuneCP5_13p6TeV_amcatnloFXFX-pythia8,ZZto2Nu2Q-1Jets_TuneCP5_13p6TeV_amcatnloFXFX-pythia8
ZZto4Q-1Jets_TuneCP5_13p6TeV_amcatnloFXFX-pythia8,ZZto4Q-1Jets_TuneCP5_13p6TeV_amcatnloFXFX-pythia8
ZZ_TuneCP5_13p6TeV_pythia8,ZZ_TuneCP5_13p6TeV_pythia8
QCD,blank
QCD-4Jets_HT-40to70_TuneCP5_13p6TeV_madgraphMLM-pythia8,QCD-4Jets_Bin-HT-40to70_TuneCP5_13p6TeV_madgraphMLM-pythia8
QCD-4Jets_HT-70to100_TuneCP5_13p6TeV_madgraphMLM-pythia8,QCD-4Jets_Bin-HT-70to100_TuneCP5_13p6TeV_madgraphMLM-pythia8
QCD-4Jets_HT-100to200_TuneCP5_13p6TeV_madgraphMLM-pythia8,QCD-4Jets_Bin-HT-100to200_TuneCP5_13p6TeV_madgraphMLM-pythia8
QCD-4Jets_HT-200to400_TuneCP5_13p6TeV_madgraphMLM-pythia8,QCD-4Jets_Bin-HT-200to400_TuneCP5_13p6TeV_madgraphMLM-pythia8
QCD-4Jets_HT-400to600_TuneCP5_13p6TeV_madgraphMLM-pythia8,QCD-4Jets_Bin-HT-400to600_TuneCP5_13p6TeV_madgraphMLM-pythia8
QCD-4Jets_HT-600to800_TuneCP5_13p6TeV_madgraphMLM-pythia8,QCD-4Jets_Bin-HT-600to800_TuneCP5_13p6TeV_madgraphMLM-pythia8
QCD-4Jets_HT-800to1000_TuneCP5_13p6TeV_madgraphMLM-pythia8,QCD-4Jets_Bin-HT-800to1000_TuneCP5_13p6TeV_madgraphMLM-pythia8
QCD-4Jets_HT-1000to1200_TuneCP5_13p6TeV_madgraphMLM-pythia8,QCD-4Jets_Bin-HT-1000to1200_TuneCP5_13p6TeV_madgraphMLM-pythia8
QCD-4Jets_HT-1200to1500_TuneCP5_13p6TeV_madgraphMLM-pythia8,QCD-4Jets_Bin-HT-1200to1500_TuneCP5_13p6TeV_madgraphMLM-pythia8
QCD-4Jets_HT-1500to2000_TuneCP5_13p6TeV_madgraphMLM-pythia8,QCD-4Jets_Bin-HT-1500to2000_TuneCP5_13p6TeV_madgraphMLM-pythia8
QCD-4Jets_HT-2000_TuneCP5_13p6TeV_madgraphMLM-pythia8,QCD-4Jets_Bin-HT-2000_TuneCP5_13p6TeV_madgraphMLM-pythia8
blank,blank
QCD-4Jets_HT-XtoX_TuneCP5_13p6TeV_madgraphMLM-herwig7,QCD-4Jets_Bin-HT-XtoX_TuneCP5_13p6TeV_madgraphMLM-herwig7
QCDB-4Jets_HT-40to100_TuneCP5_13p6TeV_madgraphMLM-pythia8,QCDB-4Jets_Bin-HT-40to100_TuneCP5_13p6TeV_madgraphMLM-pythia8
QCDB-4Jets_HT-100to200_TuneCP5_13p6TeV_madgraphMLM-pythia8,QCDB-4Jets_Bin-HT-100to200_TuneCP5_13p6TeV_madgraphMLM-pythia8
QCDB-4Jets_HT-200to400_TuneCP5_13p6TeV_madgraphMLM-pythia8,QCDB-4Jets_Bin-HT-200to400_TuneCP5_13p6TeV_madgraphMLM-pythia8
QCDB-4Jets_HT-400to600_TuneCP5_13p6TeV_madgraphMLM-pythia8,QCDB-4Jets_Bin-HT-400to600_TuneCP5_13p6TeV_madgraphMLM-pythia8
QCDB-4Jets_HT-600to800_TuneCP5_13p6TeV_madgraphMLM-pythia8,QCDB-4Jets_Bin-HT-600to800_TuneCP5_13p6TeV_madgraphMLM-pythia8
QCDB-4Jets_HT-800to1000_TuneCP5_13p6TeV_madgraphMLM-pythia8,QCDB-4Jets_Bin-HT-800to1000_TuneCP5_13p6TeV_madgraphMLM-pythia8
QCDB-4Jets_HT-1000to1500_TuneCP5_13p6TeV_madgraphMLM-pythia8,QCDB-4Jets_Bin-HT-1000to1500_TuneCP5_13p6TeV_madgraphMLM-pythia8
QCDB-4Jets_HT-1500to2000_TuneCP5_13p6TeV_madgraphMLM-pythia8,QCDB-4Jets_Bin-HT-1500to2000_TuneCP5_13p6TeV_madgraphMLM-pythia8
QCDB-4Jets_HT-2000_TuneCP5_13p6TeV_madgraphMLM-pythia8,QCDB-4Jets_Bin-HT-2000_TuneCP5_13p6TeV_madgraphMLM-pythia8
blank,blank
QCD-4Jets_HT-XtoX_BGenFilter_TuneCP5_13p6TeV_madgraphMLM-pythia8,QCD-4Jets_Bin-HT-XtoX_Fil-BGen_TuneCP5_13p6TeV_madgraphMLM-pythia8
QCD-4Jets_HT-XtoX_MuEnriched_TuneCP5_13p6TeV_madgraphMLM-pythia8,QCD-4Jets_Bin-HT-XtoX_Fil-MuEnriched_TuneCP5_13p6TeV_madgraphMLM-pythia8
QCD-4Jets_HT-XtoX_EMEnriched_TuneCP5_13p6TeV_madgraphMLM-pythia8,QCD-4Jets_Bin-HT-XtoX_Fil-EMEnriched_TuneCP5_13p6TeV_madgraphMLM-pythia8
VBF,blank
VBFto2L_MLL-50_TuneCP5_13p6TeV_madgraph-pythia8,VBFto2L_Bin-MLL-50_TuneCP5_13p6TeV_madgraph-pythia8
VBFtoLNu_TuneCP5_13p6TeV_madgraph-pythia8,VBFtoLNu_TuneCP5_13p6TeV_madgraph-pythia8
VBFto2Nu_TuneCP5_13p6TeV_madgraph-pythia8,VBFto2Nu_TuneCP5_13p6TeV_madgraph-pythia8
VBFtoG_PTG-10to100_TuneCP5_13p6TeV_madgraph-pythia8,VBFtoG_Bin-PTG-10to100_TuneCP5_13p6TeV_madgraph-pythia8
VBFtoG_PTG-100to200_TuneCP5_13p6TeV_madgraph-pythia8,VBFtoG_Bin-PTG-100to200_TuneCP5_13p6TeV_madgraph-pythia8
VBFtoG_PTG-200_TuneCP5_13p6TeV_madgraph-pythia8,VBFtoG_Bin-PTG-200_TuneCP5_13p6TeV_madgraph-pythia8
blank,blank
VBFWto2Q_TuneCP5_13p6TeV_madgraph-pythia8,VBFWto2Q_TuneCP5_13p6TeV_madgraph-pythia8
VBFZto2Q_TuneCP5_13p6TeV_madgraph-pythia8,VBFZto2Q_TuneCP5_13p6TeV_madgraph-pythia8
blank,blank
Others,blank
VVto2L2Nu-1Jets-4FS_MLL-4to50_TuneCP5_13p6TeV_amcatnloFXFX-pythia8,VVto2L2Nu-1Jets-4FS_Bin-MLL-4to50_TuneCP5_13p6TeV_amcatnloFXFX-pythia8
VVto2L2Nu-1Jets-4FS_MLL-50_TuneCP5_13p6TeV_amcatnloFXFX-pythia8,VVto2L2Nu-1Jets-4FS_Bin-MLL-50_TuneCP5_13p6TeV_amcatnloFXFX-pythia8
blank,blank
GJ-4Jets_HT-40to70_TuneCP5_13p6TeV_madgraphMLM-pythia8,GJ-4Jets_Bin-HT-40to70_TuneCP5_13p6TeV_madgraphMLM-pythia8
GJ-4Jets_HT-70to100_TuneCP5_13p6TeV_madgraphMLM-pythia8,GJ-4Jets_Bin-HT-70to100_TuneCP5_13p6TeV_madgraphMLM-pythia8
GJ-4Jets_HT-100to200_TuneCP5_13p6TeV_madgraphMLM-pythia8,GJ-4Jets_Bin-HT-100to200_TuneCP5_13p6TeV_madgraphMLM-pythia8
GJ-4Jets_HT-200to400_TuneCP5_13p6TeV_madgraphMLM-pythia8,GJ-4Jets_Bin-HT-200to400_TuneCP5_13p6TeV_madgraphMLM-pythia8
GJ-4Jets_HT-400to600_TuneCP5_13p6TeV_madgraphMLM-pythia8,GJ-4Jets_Bin-HT-400to600_TuneCP5_13p6TeV_madgraphMLM-pythia8
GJ-4Jets_HT-600_TuneCP5_13p6TeV_madgraphMLM-pythia8,GJ-4Jets_Bin-HT-600_TuneCP5_13p6TeV_madgraphMLM-pythia8
blank,blank
GJ_PTG-40to100_TuneCP5_13p6TeV_amcatnlo-pythia8,GJ_Bin-PTG-40to100_TuneCP5_13p6TeV_amcatnlo-pythia8
GJ_PTG-100to200_TuneCP5_13p6TeV_amcatnlo-pythia8,GJ_Bin-PTG-100to200_TuneCP5_13p6TeV_amcatnlo-pythia8
GJ_PTG-200to400_TuneCP5_13p6TeV_amcatnlo-pythia8,GJ_Bin-PTG-200to400_TuneCP5_13p6TeV_amcatnlo-pythia8
GJ_PTG-400to600_TuneCP5_13p6TeV_amcatnlo-pythia8,GJ_Bin-PTG-400to600_TuneCP5_13p6TeV_amcatnlo-pythia8
GJ_PTG-600_TuneCP5_13p6TeV_amcatnlo-pythia8,GJ_Bin-PTG-600_TuneCP5_13p6TeV_amcatnlo-pythia8
blank,blank
GJ-4Jets_dRGJ-0p25_PTG-10to100_HT-40to100_TuneCP5_13p6TeV_madgraphMLM-pythia8,GJ-4Jets_Bin-HT-40to100-PTG-10to100_Par-dRGJ-0p25_TuneCP5_13p6TeV_madgraphMLM-pythia8
GJ-4Jets_dRGJ-0p25_PTG-10to100_HT-100to200_TuneCP5_13p6TeV_madgraphMLM-pythia8,GJ-4Jets_Bin-HT-100to200-PTG-10to100_Par-dRGJ-0p25_TuneCP5_13p6TeV_madgraphMLM-pythia8
GJ-4Jets_dRGJ-0p25_PTG-10to100_HT-200to400_TuneCP5_13p6TeV_madgraphMLM-pythia8,GJ-4Jets_Bin-HT-200to400-PTG-10to100_Par-dRGJ-0p25_TuneCP5_13p6TeV_madgraphMLM-pythia8
GJ-4Jets_dRGJ-0p25_PTG-10to100_HT-400to600_TuneCP5_13p6TeV_madgraphMLM-pythia8,GJ-4Jets_Bin-HT-400to600-PTG-10to100_Par-dRGJ-0p25_TuneCP5_13p6TeV_madgraphMLM-pythia8
GJ-4Jets_dRGJ-0p25_PTG-10to100_HT-600to1000_TuneCP5_13p6TeV_madgraphMLM-pythia8,GJ-4Jets_Bin-HT-600to1000-PTG-10to100_Par-dRGJ-0p25_TuneCP5_13p6TeV_madgraphMLM-pythia8
GJ-4Jets_dRGJ-0p25_PTG-10to100_HT-1000_TuneCP5_13p6TeV_madgraphMLM-pythia8,GJ-4Jets_Bin-HT-1000-PTG-10to100_Par-dRGJ-0p25_TuneCP5_13p6TeV_madgraphMLM-pythia8
blank,blank
GJ-4Jets_dRGJ-0p25_PTG-100to200_HT-40to200_TuneCP5_13p6TeV_madgraphMLM-pythia8,GJ-4Jets_Bin-HT-40to200-PTG-100to200_Par-dRGJ-0p25_TuneCP5_13p6TeV_madgraphMLM-pythia8
GJ-4Jets_dRGJ-0p25_PTG-100to200_HT-200to400_TuneCP5_13p6TeV_madgraphMLM-pythia8,GJ-4Jets_Bin-HT-200to400-PTG-100to200_Par-dRGJ-0p25_TuneCP5_13p6TeV_madgraphMLM-pythia8
GJ-4Jets_dRGJ-0p25_PTG-100to200_HT-400to600_TuneCP5_13p6TeV_madgraphMLM-pythia8,GJ-4Jets_Bin-HT-400to600-PTG-100to200_Par-dRGJ-0p25_TuneCP5_13p6TeV_madgraphMLM-pythia8
GJ-4Jets_dRGJ-0p25_PTG-100to200_HT-600to1000_TuneCP5_13p6TeV_madgraphMLM-pythia8,GJ-4Jets_Bin-HT-600to1000-PTG-100to200_Par-dRGJ-0p25_TuneCP5_13p6TeV_madgraphMLM-pythia8
GJ-4Jets_dRGJ-0p25_PTG-100to200_HT-1000_TuneCP5_13p6TeV_madgraphMLM-pythia8,GJ-4Jets_Bin-HT-1000-PTG-100to200_Par-dRGJ-0p25_TuneCP5_13p6TeV_madgraphMLM-pythia8
blank,blank
GJ-4Jets_dRGJ-0p25_PTG-200_HT-40to400_TuneCP5_13p6TeV_madgraphMLM-pythia8,GJ-4Jets_Bin-HT-40to400-PTG-200_Par-dRGJ-0p25_TuneCP5_13p6TeV_madgraphMLM-pythia8
GJ-4Jets_dRGJ-0p25_PTG-200_HT-400to600_TuneCP5_13p6TeV_madgraphMLM-pythia8,GJ-4Jets_Bin-HT-400to600-PTG-200_Par-dRGJ-0p25_TuneCP5_13p6TeV_madgraphMLM-pythia8
GJ-4Jets_dRGJ-0p25_PTG-200_HT-600to1000_TuneCP5_13p6TeV_madgraphMLM-pythia8,GJ-4Jets_Bin-HT-600to1000-PTG-200_Par-dRGJ-0p25_TuneCP5_13p6TeV_madgraphMLM-pythia8
GJ-4Jets_dRGJ-0p25_PTG-200_HT-1000_TuneCP5_13p6TeV_madgraphMLM-pythia8,GJ-4Jets_Bin-HT-1000-PTG-200_Par-dRGJ-0p25_TuneCP5_13p6TeV_madgraphMLM-pythia8
blank,blank
blank,blank
Need to be added,blank
"TT MET binned, MLL binned",blank
AJJ NLO,blank
ZGto2NuG,blank
